#OTU ID;I1_meso;I2_meso;I2_thermo;I3_meso;I3_thermo
56da3551f7fd7f64bd67a33ab7184911;0;0;0;0,263019463;0
0e86efdc08432fc329a61a6f8a7fc71b;0;0;0;0,105207785;0,115473441
b2d8c23b9462d20a0de0dfc500c7729d;0;0;0;0;0,115473441
be89b5d460b5654282a351c0e573a2c6;0,407105848;0;0;0;0
8cc35b16ab18729aa673aa0b23304afa;0;0;0;0,157811678;0
07befdfc9607a494e400f77708ac311f;0,074019245;0;0;0;0
645c91d9956fb572dda7bb1d4fd9aaaf;0;0;0;0;0
886c2ff75d13364900c91c4c186c3f95;0;0;0;0;0
62b7427e1388d5c990ed91b1b1f894c7;0;0;0;0;0
afb7bc542beb23ab269e3b76afd87351;0;0,548446069;0;0;0
31c0202443e3728abcf335ceaef2313d;0;0,438756856;0;0;0
7ccd89b3d757e98e3fd9796117ca9aed;0;0,073126143;0;0;0
842f2e4f8abb0bfa9423e4cb29534c0e;0;0,182815356;0;0;0
7068e5d2f4b269df198b4adb8269084c;0;0,438756856;0;0;0
c376d4b7d42990777b35ce3ad3e39a7a;0;0,219378428;0;0;0
8243f52676be643d1864c12639dd944c;0;0;0,208840933;0;0
552d63f167e2687ba9c514177af00810;0;0,255941499;0;0;0
5add6702458ce4f13a83a573c6c6e180;0;0,146252285;0;0;0
3e364552d5b28368cc605fb0e4eb5a80;0;0,511882998;0;0;0
7846f8ad304199432a540a20a2b7ff77;0;0,585009141;0;0;0
3081c53d6fdfac7eb1bb3bfe86efbd7a;0;0,548446069;0,069613644;0;0
548214524f4b2bf84d4f153cb17994f3;0;0;0,139227289;0;0
5977fba62942c39c96a86b9c0956e4ea;0;0;0,069613644;0;0
90815f13521b7b225f0095590eb23cd9;0;0;0;0;0,461893764
6f0e4165db4629668eabec857eeaca59;0;0;0;0;0,230946882
93aaa856cb70adb7941dfb0f011c4258;0;0,182815356;0;0;0
30208b9f770ec60cfa92c8a8cfd67077;0;1,901279707;0,348068221;0;0
4d7ec2fa84adbf5a18e3c1078cbe82e0;0;0,548446069;0;0;0
9c1ada54de5358a237f397d4151dbdf2;0;0,255941499;0,139227289;0;0
be01287f6931a920a219e1b912ee633c;0;0,182815356;0;0;0
c43dc6448b1d4422e5591525261f9c94;0;0,621572212;0;0;0
9f9f4ccdacb1099246c00c833c93d76e;0;0;0,208840933;0;0
c6dd23ab169bb9a15444c938fdf1f2cf;0;0,29250457;0;0;0
ca32c61bb8b022b6b87817a83f21ee62;0;0,109689214;0;0;0
24602699ba2c082480b7221effa55da3;0;0,146252285;0;0;0
3332bc53b24be3fbab88d4fb403d9137;0;0,219378428;0,069613644;0;0
c84f7f790e361a2f2f0d8b28aa346352;0;0,255941499;0,48729551;0,210415571;0,346420323
1e94b7b53ac7808a2cb5928cdf215a77;0;0;0,243647755;0;0
4f6f970ade3f05ebeabae823072fd925;0;0,182815356;0,208840933;0;0
d7adbc7bf4576e616545790918e411c8;0;0;0,452488688;0;0
c21ee1e2dc9a4f8c6c50c0150eb35736;0;0;0;0,841662283;0
01c2e0d57fe4bb1b54fb9da6ce0e2460;0;0;0;1,946344029;0
8f2a5fbc547c6a1d3b17bd3dd9eb6138;0;0,146252285;0;0;0
acfd911ba28e849b03509b34cf70e8b2;0;0,109689214;0,174034111;0;0
5701da246ae5f7d4e8d5dca320ed5d1c;0;0;0,870170553;0;0
0a74fd4b7c3811f89139b4cdba9f9f10;0;0;0;0;0
2933627bd88611baf430cc8afeea645f;0;0,804387569;0,243647755;0;0,404157044
3ad68b76b3691f6d1a190cac43f9dfd6;0;0,109689214;0,139227289;0;0
b7dd97ae76dcc24eb8a505f9638885f9;0;0,731261426;0,174034111;0;0,577367206
289324c4e3a612a189c5394864f6418b;0;0;0,174034111;0;0
9108afac48c009c8da0a9590be86f1f5;0;0,255941499;0;0;0,288683603
33100b9d982029b9f1a7e6f4dbb755a5;0;0;0;0;0,288683603
bc1072b2be31609eb48ecd757790de31;0;0;0;0,105207785;0
d4c13d8537f685e853088103f0b46390;0,222057735;0;0;0;0
be1ea8d474b7217cbbde2b79e36b233f;0,14803849;0;0;0;0
d22372e167a04fb1c69d2a5bdea8cde9;0,074019245;0;0;0;0
65eda38ac2bce424bbdd8b0c9efbe6fa;0;0;0;0;0,230946882
5975a6d1207043851d41091fab766424;0;0;0,069613644;0;0
ff1dbdbe1b4489b73175b11a3ee783ea;1,295336788;0;0;0;0
19ade6d54ee3aeb726e4535931c61c64;0,962250185;0;0;0;0
cb4f49f871b3c6b3336c5c019a6f7609;1,221317543;0;0;0;0
1a097f579632f9f4f60e46a5a57b85d8;1,110288675;0;0;0;0
eb17b2f91a5ac9d5040c9f3c5e10356b;0,333086603;0;0;0;0
a458a4c778a8f86ee548160978580d5b;0,185048113;0;0;0;0
7669ceda51c0b42f144e9269328184ef;0;0,109689214;0;0;0
472574b16fb009573381bf3eb756fa5b;0;5,447897623;1,809954751;0;0
97ea41db1558c1cb47e42b436d899ff9;0;1,499085923;0,591715976;0;0
49723980bf4b0f55b3a647086374e83c;0;0,219378428;0;0;0
fcf3aa3425544d0615fda4a88aa5cb7b;0;0;0;0;0
3a96ae87c4be37f608cd4cc564f84172;0;0;0,069613644;0;0
baedf2772123b88724d58e33220cf409;0;0;0;0;0,692840647
3ac96280ebf523c26997c7cd75a80d77;0;0;0;0;0,346420323
cbb98d1429fa4e64b51c02804c2b9f8f;0;0;0,765750087;0;0
56794f3fdb33c911fe13a54002bc776e;0;0;0;0,105207785;0
2ae062de4d5cba914ce550aecee06a6e;0;0;0;0;0,115473441
f135b0099962ebe3fa1d6033dfe1e837;0;0;0,104420466;0;0
ea62adfd0b57e241ad61a77197406355;0;0;0;0,526038927;0
f524e9d7fd79f6d5f2a033de6fe716b1;0;0;0,069613644;0;0
bc6edfe72ab7dbc1f9db5ec83634ba76;0,407105848;0;0;0;0
9c884247c1cba87a08297301baf33258;0;0;0;0,263019463;0
52d50dcdda821bd930240972490a5a9e;0,851221318;0;0;0;0
f64536889554a2edffaa851886938857;0,518134715;0;0;0;0
539968592d15ef0feecc2f7c427ac415;0;0,548446069;0,313261399;0;0
d2807bd63623f4de0ccf54da6453e3e8;0;0,109689214;0;0;0
f25cfcfcf8b4243e0b5a8842c1fc2494;0;0;0;0;0,461893764
e1dd6657b6b32ec5281ddc2fe9db0af5;0;0;0,069613644;0;0
9daed9e2648d9485073ab589369a46fe;0;0;0;0,368227249;0
8d1c33309ed4647d7cb7489c171c5e64;0;0,073126143;0;0;0
cf92367f953c83b2ffba05e8a835b6a8;0;0;0;0,263019463;0
8017d4966f74ec1b79141d9cc83a257e;4,811250925;0;0;0;0
c02b895f56b94caefd5d1262d48ce347;0;0;0;0;0
355ff8fc783f81467921ef76072c39ba;0,074019245;0;0;0;0
10fdd56e38290bb1380146bfec72bdc8;0;0;0;0;0
0b80cb28599f3fdb6502aa64d94e53fc;0,14803849;0;0;0;0
8e566cec7cb92689343a0d1f8ebb9e6d;4,367135455;0;0;0;0
eeba461fc15bd49a2bda2932eeb5f471;0;0;0;0;0,173210162
4844b7a3d51078ed09a25f7901cad1d5;0;0,146252285;0;0;0
3e252969c40ed29a9ce72b03ff742091;0;0,219378428;0;0;0
d370372dce9dd782d9b38610f9e81fd8;0;0;0;0;0,519630485
6d73c26e3c8d7d19562d1df294ae7d57;0;1,279707495;1,879568395;0;0,750577367
fd140c716f358a67f41f303637415ace;0;0,219378428;0,382875044;0;1,674364896
512499968ffbfa59a555eebf70d18cc6;0;0;0;0;0,115473441
d8695640053281d4997831139eb22430;0;0,255941499;0,208840933;0;2,482678984
a446b2957fd84f1c36a130eec2ec762b;0;4,387568556;8,875739645;0;22,4595843
715c1bc84a00f1721b09afe80c6d3865;0,14803849;0;0;0;0
62682d035ebcf99cf434b3da28cd606c;0;0;0,208840933;0;1,154734411
4cf5cbc29cc58195955c3f1ef3e6070c;0;0,365630713;0,313261399;0,894266176;0
073ebcf1b1b34870f75b310295795ce1;0;0,731261426;0,208840933;0;0
20f58ce0b7dbe1d0ed93fa81b9704c59;0;0,731261426;0,522102332;0;0
d45a40fddd29d7760144ab99376eb754;0;0;0,174034111;0;0,866050808
166453999302edd79bd8b2accab55a46;0;0;0;0,526038927;2,944572748
a2691f6d55ee447db8a8fd214b3bb065;0,999259808;0;0;0;0
cb2a19b02e17b78f6ae871eea843cc5f;0;0,073126143;0;0;0
a8ffc9a5f35dda80a32ec9db02af65d5;0;0;0;0;0
d827202e42f71e08fb4cb35e11467e97;0;0,877513711;0,417681866;0;0
8a7113c5da977edac4337233d0770661;0;0;0;0,473435034;0
a9fec053c20caf0b81e6663503295556;0;0;0;3,892688059;2,136258661
be85a4517682d9035831ee47047f744f;0;0;0;0,57864282;0
59b9a929363b7151de23050579fb05f1;0;0,182815356;0;0;0
af3597c6f08b8437e099f018786eb99e;0;0,219378428;0,417681866;0;0
0c3bc604b9cc2277dd0f387669d2aa70;0;0;0;0;0
d7454a6ddb4a5affe6a7c67f0e26c564;0;0;0,730943265;0;0
3416bd8834cc442f2f393dc9f7ac8547;0;0;0;1,157285639;2,251732102
f63cd265fe60429d141009ec84899948;0;0;0;0,263019463;0
6df6d4268dd456005eaf4c9fcc521ea3;0;0,438756856;0,661329621;0;0
cf32094da0821c505fa29320f86f3a75;0;0,219378428;0;0;0,230946882
840e6110909bb7535e0a1b18a9057262;0;0;1,287852419;4,997369805;1,270207852
bb9d155f779affda5d4f1b8356d0b3bb;0;0,219378428;0,417681866;0;0
9603ea743aee3afa19944dadda8dbc97;0;0,329067642;0,417681866;0;0
7dd8d548e51380f8349e5ab3a512fba7;0;0,182815356;0,174034111;0;0
84b1de1d42dad9636db01cbe2aa8117f;0;0;0;0,631246712;0,750577367
f90b1e4986f0aa0a0a5f9eb6a30b7b09;0;0,511882998;0;0;0,173210162
186cc7dea73ef810254928ecb7b0503e;0;0;0;0;0
12127c6a8f3a3cead273582cb510c739;0;0,109689214;0,139227289;1,36770121;1,847575058
058628a1e016636c258d24c41ff59cc9;0;0,073126143;0;0;0
cfe1ef176d4c0bfc8c4f6efc3b624784;0;0;0,069613644;0;0
ed97b8fa9a2971e79665de0497b3f443;0;0;0;0;0
c74e305ece7a5c2211ce7784b656e9c6;0,111028868;0;0;0;0
f99e1b735fe96875312084bb5af51bf4;0;0;0,069613644;0;0
de29825fc512395e048a7b309192117c;0;0;0;0;0
d8356663107db5b42eda8ac95e696e77;0;1,535648995;0,591715976;1,052077854;0
9717093f5bd0cbd093b5117e0ed5ba75;0;1,572212066;0,522102332;0,57864282;0
aca9e1516edcfff04d89443e09b88484;0;0,658135283;0;0;0
01ff06469dc186b1de81103d4a9f76cc;0;0,548446069;0,382875044;0;0
d9b188d0b5a48205bdec9368ce09202b;0;0,219378428;0;0;0
2b44b25130e3e90cfdee907d24cf3d97;0;0,548446069;0;0;0
83b3c63bb4f4c0f7c5e48f7b85cecf4e;0;0,731261426;0;0;0
fa4d44045f0620580e9e91d3eec05519;0,407105848;0;0;0;0
6ac17dde7ccebe59aca2eee958328a57;0,111028868;0;0;0;0
da95476099c53a4bb2db9e1f1685973e;0;0;0;0;1,154734411
586e7f878a63348fa18bfa6c014c8c09;0,629163583;0;0;0;0
e8d7c0acd81a9d64d224e05512e796c8;0,370096225;0;0;0;0
521a3ec08e28ae9d0d6aa5cd324499c5;0,629163583;0;0;0;0
8c9879d4a717ea1588ea2ea178326f21;0;0;0;0,946870068;0
22816750257bf697f880ae8ca3b495fd;0,481125093;0;0;0;0
6650475d97f588572a9afd590b188ddf;0,333086603;0;0,104420466;0;0
ba88ba9e258f7b41d962b81e56f3b9d2;0,222057735;0;0;0;0
fb874dc2c8131c8b63362ac101402ffa;0,074019245;0;0;0;0
2322813d36eda361d162c27a70405289;0;0;0;0;0
7b28e962ebb6398038ce819188490082;0;0;0;0;0
b032464eddda5f45654fd0c890e327ad;0;0;0;0;0
7e62475a43179f67ce344504d2f79c6c;0;0;0;0;0
82f315fbe1834f50ddb5ef3a6213bd3d;0;0;0;0;0
156c4e75d229c5ccff9c408635967b68;0;0;0;0;0
0e60e8a6ebda113f696f55044a0ba7b3;0;0;0;0;0
33f03b357df9780a3cfa57db538370c5;0,185048113;0;0;0;0
9414b1af9a086b4afcd73fc067e08c0e;0;0;0;0;0
add0eb8cd9bd3d081531aac8b89e91f5;0;0;0;0;0
b5883f8fc7acd94db56e202de42ea631;0;0;0;0;0
797e691c192b4160b130ded675514840;0;0;0;0;0
01bc101ffc7722c12acee7761b207a22;0;0;0;0;0
4208fe16e1c714db978bbb6c514315a1;0;0;0;0;0
7d4a9009ca58dd1c58738da6969a9f15;0;0;0;0;0
493d5a624ce0f17832f071d2cddefe36;0;0;0;0;0
b51c5ec6a15000a57362c9cb5f9f2f9e;0;0;0;0;0
1c93c0145416a6130a9606396a2dd049;0,111028868;0;0;0;0
7e14bfce140c123bb2754b55423f42b1;0;0;0;0;0
60dd071ad86f3dc057dff2e6e58f72ca;0;0;0;0,105207785;0
44799dfefd88eab9a8f32c666bd22bb0;0,222057735;0;0;0;0
2bcb67d95819871b1b6ecf4a15599d01;0,29607698;0;0;0;0
5b4437e96446e4838ba93f6f87ad6dbe;0;0;0;0;0
749e47d7feb19e316893b6585cdcd687;0;0;0;0;0
d0f1eb3c485cb6e6c50928b61c5a5720;0;0;0;0;0
8a634b93963fe0f4397999a8985f00e0;0;0;0;0;0
37e1c622e1cb8032d6fec127721c4398;0;0;0;0;0
c0745a4c6fbf611f67b8b0c213ff393c;0;0;0;0;0
f99f17ac54c86f962dd0de237fc016b6;0;0;0;0;0
a2c9ef2f7d5173e67cc80bdf59736f8c;0;0;0;0;0
306334404fddb8185d9514de0052ba64;0;0;0;0;0
ee201c30001f35cfd71be1fb28d1dc89;0,111028868;0;0;0;0
2c28b1d3072d47fce1d4be303e809ef4;0,185048113;0;0;0;0
9ade6e6765019f479bf4ba8fe8afbbbb;5,736491488;0;0;0;0
790f4fe84d842af99c18ed698b566098;14,39674315;0;0;0;0
455214a5c543937edc50f6abaae1e3e7;0;0;0;0;0
5a46248a1f6e4ef2c89e9c91466ac404;0;0;0;0;0
656fcefdc2c0c21c004c4ce01defc46d;0;0;0;0;0
8415b4329a461e772912b3845ddd1f67;0;0;0;0;0
64e8975da7f1126ba0cb6806db806d8a;0;0,073126143;0;0;0
7fed2e7baa6ed861f1b399810d417958;0;0;0;0;0
5dcba3e1dc7b61e9c516a3f5b6247f8f;0;0,146252285;0;0;0
f963f3c036a23221477577ff3f104f99;0;0;0;0;0
3741a34a2d5632cb7edbfecdea800b57;0;0;0;0;0
5858d13a768822a93cab629602486572;0;0;0;0;0
4a4a88a1ae264123774e010b8ea03217;0;0;0;0;0
080ed8eeca746fc978f5deb2f9cde276;1,369356033;0;0;0;0
081d68142b0a422583578c0a5d3dee90;0,111028868;0;0;0;0
21f82e6fc3a089bf018eac7130210944;0;0;0;0;0
437e080f8bbd6b50112999aad56ad956;0;0;0;0;0
0c4d29b031f8eb64fc03e353fc0daa6d;0;0,146252285;0;0;0
dafaf96d412d3b3da6024676e045a6e5;0;0;0;0;0
30561e785e9a06169be1a066b3a5a564;0;0;0;0;0
b3847e0bd2a47ac37c73d1e397a47b84;0;0;0,208840933;0;0,404157044
52ed848a6c48bf6f5d747443b1ceb10c;0;0;0;0,368227249;0
dc7ae806a2932144cfa3c6607704828d;0;0;0;0;0,692840647
dc6fa97ed4be66d099ee5e149362d264;0;0;0;0,526038927;0
363ebcc7cea398be105693e2d3ff0de0;0,88823094;0;0;0;0
f184ccd6749df40cb75bcebcd141a601;0;0;0;0,157811678;0
efd254fc88454db31d0354e1e763c16e;1,33234641;0;0;0;0
9352502303f6fd7c54d2a33e7673da29;0,222057735;0;0;0;0
124ade8900e4f6f094e52b98ee66c425;0;0,109689214;0;0;0
b5804747d36b9b6c7494de9265e7c5b5;0;0;0,104420466;0;0
54b86e244965c1a60bcb5600ac5795b1;0,259067358;0;0;0;0
491c4d83f3f8aea6d0665deb0450fe2d;0;0,438756856;0;0;0
6429db3b78064ceb4c883e964af18295;0;0,438756856;0,348068221;0;0
896f7966fdbb64c7cfaa96c8ab43564b;0;0;0;0;0
2ea76c92924ad938ede034d79427ebfb;0;0;0;0;0
189da3c3c008715b48398ba1338a19f7;0;0;0;0;0,404157044
858dce6c89096791f684613db02e0cb5;0;0,365630713;0,174034111;0;0
789743f657f52831b1f25e41ff7daffd;0;0,182815356;0;0;0
2abba5174dfd106f34c22e4b1c04261f;0;0;0;0,105207785;0
3ad612b605e5a75fb5b655f39f7555b8;0;0;0;0;0,230946882
2a2f6a11b8f07661066fe855f1cb5397;0;0,658135283;0,104420466;0;0
570be51a69bdbee1a65972132a197dcc;0;0,109689214;0;0;0
db0f3726f762eb62741e5009f7bfd5ac;0;0;0;0;0,173210162
61227f406aba3e73df9a84ad9c816fde;0;0;0;0,157811678;0
ec3c48bb55127f8aa60cc3ee16a2bbc3;0;0,255941499;0,278454577;0;0
38bc30cfaae78fc61deee15aec3a0bfd;0;0,329067642;0,417681866;0;0
44ed616c93e3337f043f07c06d45838f;0;0;0;0;0,519630485
8d5ce8a6b5cbf54ae28cc8a7d28b7c3e;0;0;0,452488688;0;0,461893764
10180c1f2faec92aad1f5e5736d3b5e5;0;0,402193784;0;0;0
61f3209ce4512947a725c015048afd99;0;0;0,48729551;0;0
33d87450f7af4a3295f27ebfc10c0aca;0;0;0,174034111;0;0
980849bfc2f7105df73b005eb921d2cc;0;0;0;0,420831142;0
d3426de70575fc163a7ddbb53b295b5f;0;0;0,243647755;0;0
6d5a5b9fee2384863f2ccfa0f298e2bf;0;0;0,243647755;0;0
db78d18e2fc19035325d8eb6c33069a5;0;0,219378428;0,278454577;0;0
ac858062b38cadfe787bcf6f264013bc;0;0;0,348068221;0;0
921396858e46e63e81058be2db87d63f;0;0;0;0;0
c3d514fdddf3a504c2a4271fb850a8c9;0;0;0,174034111;0;0
4d05b191a91ccaec094a4b729cef6e2a;0;0;0,278454577;0;0
a23aed8d04203fc50dbbbeccaa35e520;0;0,511882998;0,174034111;0;0
63e2927425b578247ee8890f00def43f;0;0,438756856;0,208840933;0;0
0551b1c6d1e24d55488cad68a6edc371;0;0;0,243647755;0;0
76d1d1ddb716ef0cc0c36e5aa4f12d11;0;0;0,243647755;0;0
669075e3442151065c90a16e359c314d;0;0;0;0;0,519630485
efe33032dcb8677487975c676233fc2d;0;0;0;0;0,230946882
3c8bae5063cf318fdf27395f742e0fee;0;0;0;0;0,346420323
92be7d0065975fdfbcec401ab6fbffb7;0;0;0;1,683324566;0
34263387ed1f4c832640aff321e0371b;0;0;0;0;0,635103926
1ab7712e03319930ae714cee11d0f541;0;0;0;1,735928459;0
2ed8a0d54ab29b44f063a065707f9b50;0;0;0;0;0,288683603
2783ef64554397a29a48ed1b532231a5;0;0,146252285;0,243647755;0;0
9f7acdd15c3c1280fd81c7976bebad39;0;0,329067642;0;0;0
1123009a9564999cead48fa1f229ed38;0;0;0;0;0
f94cd76b41c99276e9e628d33e5606a8;0;0;0,069613644;0;0
ec1c98519cab98d8781acf809a031ab3;0;0,109689214;0;0;0
fa4a1e6cd0164d7a217c0a0298658fc9;0;8,665447898;0,382875044;0;0
98d1bdbc0e3bf55b4c5c32cbcaff300d;0;0,073126143;0;0;0
85cfedba1ae05495af486dd2a9d68a0f;0;0;0;2,630194634;0
12d6c1eea9ef6186ffa024a830fa4ea6;0,111028868;0;0;0;0
fc900b1f5e8976d2fb0ca2c6651585f1;0,518134715;0;0;0;0
01e795137e460ed9808a919079635cf5;0;0;0,313261399;0;0
7cb7fa74e5e2f8477a16dd7777c91511;0;0;0,348068221;0;0
3b5e3b0d75fcd8f91b188e3c13ae1c3e;0;0;0;0,683850605;4,965357968
baca23d206b99106d8340e51388b3029;0;0;0,313261399;0;4,503464203
bdfe0e80263d004605dfadde25bc2dec;0;0;0,243647755;0;0
a8b44078cde451da374a850fb40c1dcf;0,185048113;0;0;0;0
fec53b2ff0dc612fe9cd88de4d2074f9;0,185048113;0;0;0;0
7d37c47ae1669f379c55dd90395e229b;0,185048113;0;0;0;0
acc703e33eda4b05edeb090ce7acc9cf;0;0,109689214;0;0;0
af640eb585bbfbbd8487db7321c5b6d6;0;0,109689214;0,208840933;0;0
48d77b6cae93c40b81efd1e534a7656e;0;0;0;0;0,577367206
6afe79071e114809cb97d2d590fecf4f;0;0;0;0;1,616628176
36c1c57d5560b630fe235272bf9d2877;0;0;0;0;0,635103926
e32e1f89f6cf62a7d9f51c40cd265956;0;0;0;0,263019463;2,020785219
992f02265fbf48c5bea26ae078354972;0,074019245;0;0;0;0
2a1409d81c6bf40defd466586bbcf3f9;0;0,511882998;0;0;0
a17932ecfa428391eb46c6027d46c34f;0;0;0;0;2,598152425
a0b34c7853662ffc4030e3fe78b7b785;0;0;0;0;0,115473441
e0d26c15357524ea8487a95e16076e47;0;0,329067642;0,243647755;0;0
5216dca0de585870ff07cc975d1c0cd8;0;0;0,626522798;0;0
1f2684f0c0d96d5179a5445b87a6d4b9;0;0;0;0;0,923787529
2200039e5c7c834d6f4390efae52a2cb;0;0;0,243647755;0;0
00bc97539a7057ac079b17fd82b1489b;0;0;0;0;3,17551963
ed3b40ae0cd3b86397d9535e4d5a21dd;0;0;0,452488688;0;0
03245c483c51c1e697fdd4d43f1a2d7b;0;0;0;0,105207785;0
88861f808a39d4b81a9fb1234f27f586;0;0;0;0;0
c676bce59ece902fd51fe359fe059cf8;0,111028868;0;0;0;0
86fa02039ff5b2a3696a58f5c014553d;0;0,146252285;0,069613644;0;0
819369864d50014914d08ccf758b6e33;0;0;0;0;0,115473441
e5bfff771b720a2dd01dc0699b2e1524;0;0;0;0,210415571;0
e9b9fc5e609bdf23f9585a823b02077d;0;0;0;0;0,230946882
c0752c9a8cc39e879ed64a4c76cfbbcd;0;0;0;0;0,519630485
16ef44f3c963849675d47f1c314054a7;0;0;0;0;0,230946882
b8e8131b800327345e1263e05b659bf7;0,222057735;0;0;0;0
cb33a7d7b104e6ffd8002963bf4ffd45;0;0;0;0;0
c18ed226e15282740cdf2bc668be44ba;0;0,073126143;0;0;0
d1fb1c2109b6623090016288628d3581;0;0;0;0;0
1e51fef37c4e115118b00322d91ed5e5;0;0;0;0;0
f50652cb7c58e51e99faca63b4a97e09;0;0;0;0;0
5c6b1bea6cd78f5d8d0bb375473fdbf1;0;0;0;0;0
3c7ed798b32c61c7d46895a5f681277c;0;0;0;0;0
782e85bbe5786ac54c1f7f96f0de85c8;0;0,109689214;0;0;0
dfd343dc8bad711eff60c2caa7e22139;0;0,329067642;1,392272885;0;0
f8c579ebd3d6e4df902ece7489a47f9c;0;0,329067642;7,553080404;0;0
11807c27ac6828321d3ad7b8071034dd;0;0;0,069613644;0;0
c20735ca0e1debbcabe42420c1b13e8f;0;0,219378428;7,935955447;0,157811678;0
d7a1432a5248f56ec3e550af2f3fb226;0;0;0;0;0
5e2504add60e00ab17eac1078a4cb988;0;0;0,069613644;0;0
5e75c5331a746c1a29a80e0c95d719ea;0;0;0;0;0,346420323
3b2ab030e6402cceebda8debd448e421;0;0;0;0;0,115473441
5e62d5d9bb93be53375344ddd296de1b;0;0;0;0;0,404157044
f7beabb2497b62cc693c2dd9b730f4d0;0,14803849;0;0;0;0
be61dc178344f57436e5d267859e1159;0;0;0;0;0,461893764
504570f1661ea6bea03d0de41f6ffed5;0,074019245;0;0;0;0
8dd1e217af8995011fd5838a1d87a69c;0;0;0;0;0,115473441
73869cd571df4f6dcefe15d0892c7385;0;0;0;0;0,288683603
d7c31a7877510b7ea2ad675ddb43c2f1;0;0,255941499;0;0;0
8ab57d9f4522fb2ce9410fe7bd601828;0;0,146252285;0;0;0
7b3fd88c2875956555ca84e0039b2251;0;0,219378428;0;0;0
894f44a2291dddd711a44baac40b3642;0;0,146252285;0;0;0
186cc0ee5743dbc544789f327a1e8d34;0;0;0,069613644;0;0
52ef78934e15d7ddda91a1eb87cda6c4;0;0;0,174034111;0;0
59eff7706e47d0ae83073eda775fb55e;0;0,767824497;0,348068221;0,841662283;0
24b4a8c96a2d323f1fec2c6003c5f774;0;0,621572212;0;0;0,230946882
efa4c0ff3c814440bbacedda4cbf0a35;0;0,438756856;0,278454577;0;0
e149282dd0ab2c52671cc7da22f3e0de;0;0;0;0;0
5f0387facad2743747312143c492893f;0;0,475319927;0,174034111;0;0
266077de2511aba0ee4da1a50d047ed9;0;0;0,104420466;0;0
b48b412b0cd2450f7928ce2ce077a91d;0,407105848;0;0;0,210415571;0
66d7d985bf9257dfa372cdfa5cd0d80f;0,111028868;0;0;0;0
03e03003b089c0cdd967deab3eab1184;0;0,109689214;0;0;0
bdd16c6b6416a13ea248da6f7d2694e1;0;0;0;0;0,115473441
62ea78d2eccb0e24fa4ae0482edad590;0;0;0;0;0,404157044
0e4d39243561aa7beee3e4a726d979ee;0;0;0;0;0,519630485
38adeb8aaf35bbc29283510e1694be5c;0;0,073126143;0;0;0
b9de287dec830b9b6cd84d509195d4b6;0;0;0;0;0,173210162
39eab8eaa9fa57f5989f766e4c072f01;0;0;0;0;0
70eca2ede918028de20086357f743575;0;0;0,139227289;0,210415571;0
602184140e00ed030b267a4f4a015b54;0;0;0;0,210415571;0
124534cdae2ab0cb83e3372406bb5dfd;0;0;0;0,473435034;0
ced069a4ddd41c21195e621d2d794fff;0;0;0;0;0
d682029f2cb2aea15584da22274f1102;0;0,219378428;0;0;0
51e04e83e2a52f94fd7009de5ee52ff8;0,14803849;0;0;0;0
8586154d13689d0a301e335232831092;0;0,073126143;0;0;0
22e72ad70ddbfb46556bd3f139997f9c;0;0,109689214;0;0;0
38744d1fb7b4d1b83ea8fc03239e4f5d;0;0,146252285;0;0;0
d702979c3d037a603cceb636bf81b5db;0;0,182815356;0;0;0
fa85de496dac8508f9ab1c09cb6aa787;0;2,778793419;1,113818308;0;0
64fa4aea4740ce555441611e0fff5555;0;7,020109689;1,809954751;0;0
77807caea90c70914bef0ff1e11905e9;0,074019245;0;0;0;0
89952c9a76bd96d323add1ef27a521a3;0,259067358;0;0;0;0
acb08a71b71a37bc640468bdc358c8e8;0;0;0;0;0
a5eb365eef24d848fa6a37c08d9e4f28;0;0;0;0;0
e146092914fa3215cc965f34f981daad;0,185048113;0;0;0;0
fda1a14d799ac7e09771d6fd9748dcd3;0,185048113;0;0;0;0
2b8b2ca5e7e73d70a632e45e44988e1a;0;0;0;0;0
16a21ff959b9a88f2f374f4808086c97;0;0;0;0;0
8a12ecc8c778358fa6bfbbbf8e66baa5;0,074019245;0;0;0;0
1d9c322cffa3cd41b62e4adeaa21cede;0;0;0;0;0
d5cd052f6020a5db126d7bc1de040a0e;0;0,219378428;0;0;0
87abf5a2a0cbe55ae2bb5d85749205d6;0;0,109689214;0;0;0
7eb0b7fa01b4d6089af2197c98f42a26;0;0;0,069613644;0;0
e5ed55d064e0846c3f5811317c121775;0;0,109689214;0;0;0
f9f89ce49f4d7b04df3911874bf6dbc6;0;0,109689214;0;0;0
5d68f7c96554dc651697b1e04bc2c677;0;0;0;0;0
82e322d7dacfb8f420df8d9809ca9bfa;0;0;0;0;0
db228980945aaedeb2be645c996673c4;0;0,29250457;0,069613644;0;0
09d9536d575f53f9de232a42a3adb569;0;0;0;0;0
9dc6fbd196b56f635306c35373cf0781;0;0,585009141;0;0;0
c227be744a8ca8bd97f43ee7800681aa;0;0,402193784;0;0;0
8a213b127bd9a8184dd307f38e441e5a;0;0,073126143;0;0;0
51139e0577535793801f98da176cec27;0;0,255941499;0;0;0
b43e6dcd246e96a8a918e34c488c9fb0;0;0,329067642;0,452488688;0;0
cc6f41f6ce9a4357ad64da88d08849b4;0;0,402193784;0;0;0,230946882
5bf0c129eacf8a363e67ec0b1faa8fcf;0;0,987202925;0,174034111;0;0
5496dc2b3a5df0b0e0876b691e0cb620;0;1,13345521;0,313261399;0;0
53fb1da1417df1fa2d4155ecc82005ac;0,14803849;0;0;0;0
ddcc161d531ac5636ee38d8a5b48c232;0,074019245;0;0;0;0
16b675a6ca4b3534c4963abcea0304c1;0,14803849;0;0;0;0
b39aeff11d595e21b0dc576748760c46;0;0;0;3,629668595;0
60e3ba583130faba2e2e74504ad5498c;0;0;0,174034111;0;0
51f3054efa1707e2177f29a3d5bbd287;0;0;0;1,104681746;0
c0e070dff370d9204925931a6550c873;0;0;0,139227289;0;0
f4d3f0a6365937ca68a8286372c5a18d;0;0;0;4,734350342;0
e48b1b15a122b406f5e12c962bae3e42;0;0;0;1,262493425;0
7ef78dd88c92616ec711d26789f275a1;0;0;0,069613644;0;0
d06d1e8729117bed02bc00a3180d1d1c;0;0;0;0,420831142;0
59444a101c2fcb16bfad9c6110d35569;0;0;0;2,419779064;0
bc8d6c3791602c9a91c5d37959c3c7b7;0;0;0,208840933;0;0
f8b77a0b2ace5c11923b088e282b8215;0;0;0;1,683324566;0
84827612e3f5dff312dc2ca6cec41a96;0;0;0;5,576012625;0
2b0ecbff8674c6ce9f50ce8475671f4f;0;0;0;5,786428196;0
6799c1a7368c589187ea5c6a54344fe3;0;0;0;3,734876381;0
fdb7b787459557c17ed22ab30421b589;0;0;0;0,368227249;0
34fe6cc19ad2c9a495c0703424ea054d;0;0;0,313261399;0;0
4f4e8feafacd03baa41026a31c02c11e;0;0;0;3,471856917;0
6edc1527bcf47be5eb69953a89289a42;0;0,255941499;0,104420466;0;0
f4f0b62de1af6ba689d3ee28c46f5e51;0;0,621572212;0,696136443;0;0
e472aaa6d08846ada1871f5e57332c2c;0;0,731261426;0;0;0
5c45ac99f56a403ed67e01163592a511;0;0;0;0,105207785;0
b176f4355d441c3ffb39c6abe8239d0a;0;0;0;0,420831142;0
a6b5772c95798230285121dc6772750d;0,14803849;0;0;0;0
fb958bcb4e8c03843bc98620728cb36f;0;0,255941499;0;0;0
fa3a506bbe31f6859e03a268cae057d5;0;1,572212066;0,313261399;0;0
1912462c0db52e56fc14f3bc14cd8b05;0;0,29250457;0;0;0
e8a71d274ee825ebab42b38aa6a0318f;0;0,255941499;0;0;0
96f2e9fe26796e9b0177db1c1ac1e3cf;0;0;1,740341107;0;0
6f926f23087711babc9561b223fab212;0;0;0,104420466;0;0
c557b025197dbd7b2b05ef7790d09705;0;0,402193784;0;0;0
637ce086f15435760f2b08de8202971f;0;1,13345521;0;0;0
27bdbaf201e7b094b32360e9f939db89;0;0,658135283;0,417681866;0;0
7bd433c20eeb9c7cbb8439d600517d27;0;0,365630713;0;0;0
6af67d001e458e2fbb5515000f8a4e05;0;1,608775137;0;0;0
29fefd12e590144c1495edd0429d109c;0;0,511882998;0,417681866;0;0
8920e445bf7a3dfadc7109a7b79f9a76;0;0;0;0;0
1d944cb090bb563a75076b4e1dae38fb;0;0,146252285;0,208840933;0;0
f9c87f634e5600c07ae559ea84971a4a;0;0,255941499;0;0;0
6c67b5463de01a09e2d0f79e4b53f714;0;0,694698355;0;0;0
6d7b17d6d40d5de0123b1f408d244539;0;0,365630713;0;0;0
19424043a9630aa58e2e33a8412b8e24;0;0,548446069;0,348068221;0;0
aa78c9705bf7a09bef004f123f26664c;0;0;0,208840933;0;0
00675e8f4fdab843161e857e8be33658;0;0;0;0;0
e120b65587e59bbd930a233ae1d76d83;0;0,29250457;0,48729551;0;0
697e6c3aa057bf9916f5a46c9c895879;0;0;0;0;0
ce632b3fce6dca3a674e9ddb2a91ff45;0;0,658135283;0;0;0
002d384fb9d8f253d21c3ec6f22e1cee;0;0;0;0;0
92c37f90c7976c76839b885527245668;0;1,096892139;3,341454925;0,841662283;0
7d436fdfbf2cd0a3f618c1b90f2eed80;0;0,621572212;3,933170901;0,57864282;0
8453637731b0edd88a683b7cb1fe6557;0;0;0,243647755;0;0
988218081aea9f4748b1ae2c8b37031c;0;0,621572212;0;0;0
1e3883cf3817d808cf3432f0955a3002;0;0;0,452488688;0;0
29053e783f7ef0ce0f81a7fb7748c0da;0;0;0;0;0
694178b0814efd7e7e5ec81c325f0e65;0;0;0;0;0
c0e91407a2bd4a2e1b04e7c9e9fb3ee9;0;0;0;0;0
d4e00ed593df5bcd87bda1110a99042a;0;0;0;0;0
e92c1b393f5374b518d5aa42d2855fa8;0;0;0,139227289;0;0
9c0852925bb8eee17fdccb51f84bb8d7;0;0;0;0;0
cec56e7934982bdf9da65873be320aa5;0;0;0;0;0
7e633dc34d3af4a59be0184d4201064f;0;0;0;0;0
8ea29a4b10fd200c479af32135bad486;0;0;0;0;0
c60d7f8fd1aed2abeae48ba97955d969;0;0;0;0;0
3ba7130cce1b40fa7889f7e92b76d4b6;0;0;0;0;0
60271e841ff8968b4b3e103dce031e90;0;0;0;0;0
2b7d7a4312e4b14d98d3c45366fe1d6a;0;0;0;0;0
4a415ebb49c640ff38f78ec03ccb2432;0;0;0;0;0
21033523dc287d1c87e9c9ad7e090cee;0;0;0;0;0
19f217fa214262a1236bee272f9aac6e;0;0;0;0;0
c94b2ab6cab56d7d570bb6e43beeed42;0;0;0;0;0
b2831448a53a6ecc3bf9daa6b608a50a;0;0;0;0;0
71e013c1e5447f7a89166bbdd4a06f55;0;0;0;0;0
9d5f94f5e3793d07154834b71966a7d6;0;0;0;0;0
c708cbbbeba1851bf8bee6de461dafcf;0;0;0,174034111;0;0
e500b5607de4962085f6384a4ce7db24;0;0;0;0;0
2fa6a0c1af82203c2ce87e630a5d872a;0;0;0;0;0
7e7c34fe0952af4b884a43b815fff580;0;0;0;0;0
e9c201e354bc1177352b8c3cc5d0f74a;0;0;0;0;0
4b3a244ef473ace3cbeea95c2ef67fb9;0;0;0;0;0
868a69a172573903dac6c78a6c4d31d0;0;0;0;0;0
128c00f0e0b0cd1ec7eea42de77817fc;0;0;0;0;0,115473441
02fdd0a06c748bf9543cf5423fae92d0;0;0;0;0;0
2a990c488ed200b0f667fc8900fccc71;0;0;0;0;0
25f5c0324ec5f238dd9b9e5cfd803eb6;0;0;0;0;0
a8c8f01ca27afef8abace0ef88e9368f;0;0;0;0;0
909434d9f1acca5e66bfbcfa1a7a4634;0;0;0;0;0
a60e90c42e55d95f1eb21da48e7c58c5;0;0;0;0;0
c3443d910c266e51360cfebac4f953b6;0;0;0;0;0
1e84db4af95abae84f375e8515c61f0e;0;0;0;0;0
e708595d2e6f4450d6bf33fdef53c0d5;0;0;0;0;0
803ca820badb6a7ac49b9aef125fb1aa;0;0;0;0;0
300a448fdbc59ad66b09c4a2ed8785c0;0;0;0;0;0
f100713d1bb84ec7aae30ec969b26153;0;0;0;0;0
fa10be4d928f983f2002a3863df22af6;0;0;0;0;0
d92ce7efebdda4686dec6abe48b5ce1b;0;0;0;0;0
a251e32d88cc248d15e183131b857a6f;0;0;0;0;0
979891223b96ea12d7f3e6623784d846;0;0;0;0;0
c000ca44c26959e35d231c30227da915;0;0;0;0;0
b2f7c08e443b2b07aebfb32b5fce5cf7;0;0;0;0;0
4514dcb2f99b2c6537bcb973ddc78db6;0;0;0;0;0
42b10a2ad2dd1c72dfcba3b0e73c305b;0;0;0;0;0
f3e337230101d71a884657bbc3152c41;0;0;0;0;0
26bbcec629112278ab6bcfc29abe9bb0;0;0;0;0;0
2cb4a51df4f614156ddd09bbaa7a2454;0;0;0;0;0
beb58972b99151bd8f54c39331171528;0;0;0;0;0
f8de6ab20033586b550b73c005a6a2fd;0;0;0;0;0
3333c0a80df5a1ec63d6072cbad2c92f;0;0;0;0;0
60f4504a7b480ad4e53719f2ff5fc8ee;0;0;0;0;0
fae15cf894f84a433747201d391a1a1a;0;0;0;0;0
444275d73596d752350c5878d3b21958;0;0;0;0;0
4b750a54d1b7f141b20e6e41fc382155;0;0;0;0;0
19281b753b4ec8310769e6d045d2fe20;0;0;0;0;0
d4844a11e476965d2f2e680a5483ea77;0;0;0;0;0
b0238340061992b9512a0a3cc4c6412d;0;0;0;0;0
a84dda0b471cc0377beebf2b7e4c04fc;0;0;0;0;0
9b4194ee43b234867015ba8d29df4205;0;0;0;0;0
12f728e4e5fd2b1038bc4117fbe22409;0;0;0;0;0
b97c54fcb64c0e2e626474824c2316e3;0;0;0;0;0
1cb8729070d8fe7f1a9f9020b4f3244b;0;0;0;0;0
6d232d7a533a2f2c5568d5cd36657e5a;0;0;0;0;0
b534b9fd86614d8132298ba02cbc10aa;0;0;0;0;0
29f01910511307de7e0a2ca5b2937778;0;0;0;0;0
e1bdf697f1322d16388d65e31419c3f9;0;0;0;0;0
d68b3b66fa0ed9ce8104ee6bd2d9f1e9;0;0;0;0;0
28f0078fa69fdea92d555ed5921072ab;0;0;0;0;0
461d59c039984a6486b9615777946780;0;0;0;0;0
c04c0c530fce3b91e2051ffae1cf1027;0;0;0,522102332;0;0
48cf303cb9e99e639dd92174c8b2c3a3;0;0;0,174034111;0;0
2123b012ec732b1ea258cbddf1811bc6;0;0,219378428;0;0;0
9cd3901536c22053a28f5fb8d4208bf8;0;0;0;0,420831142;0
73c3ed45d4a7fb132638e1153e49fcb0;0;0,146252285;0;0;0
774c217879b356047f71d49e253d1a0d;0,222057735;0;0;0;0
245fbfcb626187b193a9aa6728766024;0,777202073;0;0;0;0
2ac3721d38a07ef5823d186e959ba867;1,4803849;0;0;0;0
7d8153359c4c7ab7def4f3781a176f5b;1,813471503;0;0;0;0
2884d932fa71de81dc78f5fc721afc5b;0,074019245;0;0;0;0
d75301b3fed9f53985f9163321674d61;0,074019245;0;0;0;0
91ef47fb414684a9885ff9995075c459;0,185048113;0;0;0;0
92c227efe3ede2e8dcdaf0673479d54d;0,518134715;0;0;0;0
467f5dc6abb3094e66ac1ccbe4a2b6a8;1,998519615;0;0;0;0
73cd475b8fea01427397c3f16313c9ed;0,481125093;0;0;0;0
7d30c8178b4437fd92d2538c57dd8e5b;0,925240563;0;0;0;0
d76f60a65a637a8bdfb0f60f40b67ce7;0,59215396;0;0;0;0
eeebe46340d76787ce4c82df80b56906;0,629163583;0;0;0;0
b3b27a214ef7b0c2e2a35f000e95b40a;2,331606218;0;0;0;0
a9443e0ef908f5e4be55d03fbfd9a336;0,407105848;0;0;0;0
63ebe4e72fec0daaea0acedc14aae523;2,997779423;0;0;0;0
4b1b8975f6cf56c6e615da8429e14a1a;0;0;0;1,788532351;0
00511c07cd9680af51d5737d26b27a2a;0;0;0;0;0,230946882
1ea07cba5c19c2d1cc4c155182b6dbf2;0;0;0;0,631246712;0
7b979bb9869c3a3fb86a37dcbcd4dbcd;0;0;0;0,57864282;0
51cdc07d522d9e8695cd87de894761b1;0,074019245;0;0;0;0
76f6fb2756f9e757a5bfe03c87bd6908;0;0;0;0;0
6eb21aa2c39d4a9ff736c69300a0731d;0;0;0;0;0
d851e7297d3839a5aec2c4c2a1f37a6e;0;0;0;0;0
0f19f9194ab077daabd1070cd0a44f4c;0;0;0;0;0
babbcabe3c89416b4c0fa2b9b0c6731f;0;0;0;0;0
910fe9e19895bd24f9731d929c8ce951;0;0;0;0;0
ec37aa5de8540dc2b4fbab6295d1073d;0;0;0;0;0
d9aa818e6d5b490e3d0f885ad74baac4;0;0;0;0;0
d2ed9fa6f3722ead36b0c535c04e2509;0;0;0;0;0
e2f59f57ba2a95e18cb26cc346af60dd;0,111028868;0;0;0;0
c93a3c202deaf6fccc8dd3e48fbde4fd;0;0;0;0;0
fe42e30423105f11e59d40fdf9b5fae3;0;0;0;0;0
4b965679fd886b48a598e9feb31b265f;0,370096225;0;0;0;0
f7bad1de9e94daf9ccbbdd6add167816;0;0;0;0;0
f192e62a408849f46e40fe761f1edf2a;0;0,29250457;0;0;0
15811cf7560a3727dcd42fb9bf3b39c9;0;0;0;1,315097317;0,635103926
1509d6921b3d2a0e19c9d80894bafc00;1,887490748;0;0;0;0
6d27cd51d449a7c90b21ece6e6c0d8a6;0,999259808;0;0;0;0
0d3cf2c490c612615416b15421420029;0;0;0;0;0,173210162
285aa7db4e68b899ea323849c6fc62f0;0;0,073126143;0;0;0
afded0f8f1648ad4c0f8544656a6a5e7;0,259067358;0;0;0;0
720ebf63594f071572296876f8892118;0,74019245;0;0;0;0
19b7f4df6e237078beecee891d86c08f;0,703182828;0;0;0;0
6596200723f83a26766281cd325c1a84;0,185048113;0;0;0;0
b9c039f8f230a354b002d8f0b0001d9b;0;0;0;0;0
89bedfafc5a6737adb5e9c9f301a66eb;0,111028868;0;0;0;0
d70006359ad77599cec968e9ebdca235;0,333086603;0;0;0;0
d02915b79b35b26ad08f3e00d1b82a1b;0;0;0;0;0
1c63166fb8f443ab69996788679a2a7b;0,111028868;0;0;0;0
fc2e3c9a779e1e046beb7665b80f864a;0;0;0,174034111;0;0
13623f398398a92a128d4ea8bfe1c757;0,074019245;0;0;0;0
0dab8bdaf32dd6ce5172142cb8c7be4d;0;0;0;0,157811678;0
bab6569d98301b68dc285f5eef057d20;0;1,755027422;2,366863905;0;1,558891455
89c1d145f0113a0c6b6d6f2d53161e88;0;0;0;0;0,288683603
a6af293d946d0e69016895f5f94b1d73;0,14803849;0;0;0;0
75c5aff8b10b9bdf42d383650fed09aa;0;0;0,069613644;0;0
7484413268a6a448575035a61faea4be;0;0,073126143;0;0;0
335d88a8efd7d75545df59967632f13a;0;0,146252285;0;0;0
eddd1c811ba5d2774795a35d6f54a4dd;0;0;0;0;0,981524249
1a65bd6abcd6e6a5cec3971d4b410a7c;0;0;0;0;0,635103926
252e5d53d5fd921377cf5f71504fa32c;0;0,475319927;0,48729551;0;0
9222f3e8cd817f81c6c8355c239c4140;0;0,182815356;0,243647755;0;0
c4c76bdeddf171c1c645a4449a85bf33;0;0;0;0;0
1be6c47b42e25b0cedc3fb9dd0a0ea85;0;0;0;0;0
92ee747667fa73d6cb3a17bbb350c940;0;0;0,208840933;0;0
d2fbcf6d70a145913e792a7b765d1b0f;0;0;0,139227289;0;0
3e0a8693263bb226f328b69ab6ea9355;0;0,146252285;0;0;0
7a252673bd10b88d1899630abb1d9d22;0;0,146252285;0,208840933;0;0
e70b8f1df25357aa041411c706b3bf93;0;0;0,139227289;0;0
7ed1ca7706a4d0209a86ffe0dd7db6fb;0;0;0;0;0,115473441
9ef2fd650d7422370c62bcb1e7beb488;0;0;0;0;0,288683603
e24b495a41e713d770507795f4c1f92b;0;0;0,139227289;0;0
738b973471fa7fffeb1577a5fb5fc966;0,111028868;0;0;0;0
8599297373bacf7241c5372a4579b720;0;0;0,208840933;0;0
2d880f1bf40c1c8e51e2d6ef8f5cdbdf;0;0;0;0;0
c5bb6a98242709314fbe1df76cfab3ae;0;0;0;0;0
1440d417b3441978969675fb18303a80;0;0,073126143;0;0;0
2b8cb80f6de189a0d3213b99ab83282a;0;0;0,069613644;0;0
277834c8c2f0b18ab17d42cac35f1729;0;0,255941499;0;0;0
b547c5ba7d49bdf6cac744a451946477;0;0;0;0;0
9ffe406f1752893e03f85d369b289be8;0;0;0;0;0
85db29bc366ce721e150ad6cf5230d52;0;0;0;0;0
203c58632a72f013e010378f99e43ed4;0;0;0;0;0
775f2c0c9379daa2a0d1123d453266b5;0;0;0;0;0
3b21c4d563d27954b0b76972e7515ae9;0;0;0;0;0
5b4aab8f5e159c959b7a8873f10328a5;0;0;0;0;0
9715b2b3f36745a2a7f08f48fc641d56;0;0;0;0;0,404157044
28ddf17ea0e7dfb84e921ca395d63f2c;0;0;0;0,57864282;0
5d7f9e178c02031ca5c79c812e842ed7;0;0;0;0;0,577367206
aa8f1d135094bfa9091de73844e6232d;0;0;0,174034111;0;0
f304486500706aef8adf7d58114a386e;0;0;0;0;0,115473441
8b5a415380cfea07e439d7e4239e888d;0;0;0;0,473435034;0
499e126e13ae5d45bf839be6a4f3735f;0;0;0;0,420831142;0,577367206
e9ce0b024d9f497c36a5acb4a9748b7e;0,333086603;0;0;0;0
f4af0182e33a79de27f49d2773377eca;0;0;0;0,105207785;0
c8693eb56280d2bf8278de5090c86fdf;0;0;0;0,105207785;0
21e2b198e23c9a191bb6c89acbc27878;0;0;0;0;0,404157044
6fdf30f5a35f84923b54f7489273159c;0;0;0;0;0,230946882
430de9115b4ddbb6b21ca79029e34572;0;0;0;0,263019463;0
14ece363c13c831d76438ffb0206d0f9;0;0;0;0,105207785;0
0c441eb2f2f66eef479e826817c29338;0;0;0;0;0,173210162
43628fa213bdef1201853715a7a6047f;0;0;0;1,315097317;0,577367206
e1a17bcc81cf25b2de8c0d49e776a075;0;0,29250457;1,044204664;0;0
8338820c45cb9d0da61283a1b470214f;0;0;0;0,105207785;0
8dc98960f6812b71e25450a06503135f;0;0;0;0;0,866050808
b20b80925adf8ac64f67f0bf7015fe1c;0;0;0;0,263019463;0,808314088
86bd9530a9bda7e2dddd5f8cf4b97f72;0;0;0;0,78905839;0,404157044
d2f30e12811f439b1117fae509f758c6;0;0;0;0,473435034;0,461893764
358dda22f14755d5fdcf0c98c2e687e4;0;0;0;0;0,115473441
e35781bdec847d3bd01a33ba83213aae;0;0;0;0,631246712;0,404157044
50bda4e150f8cb63177033e467d23f62;0;0;0;1,209889532;0
70da94c18d9237c20c118e17bdca9277;0;0,109689214;0;0;0
3ccb1fb4038b3a5710d1488be5d536d3;0;0;0;0;1,03926097
905225eaf85683f3fc4ad31189b115df;0;0;0;0,315623356;0,173210162
9d7f488a01e2ecfda7ce9036df3f0172;0;0;0;0,526038927;0
76ca108336d10355edfb4aedff68ea5b;0;0;0;1,36770121;2,193995381
09362268be7455a96e50152cfd0c4d10;0;0;0;0,841662283;0
4c1a920fd5c477093d03629e9aebeaf7;0,14803849;0;0;0;0
5b2c906f1976fd287b67f855054b71f6;0;0;0;0;0
1a791e9cff64c2d9b766925d6d560ff6;0,407105848;0;0;0;0
87c18fe8abf076afbc36e526adbba030;0,074019245;0;0;0;0
0ff58cfb23db27921ee5fd5594766182;0;0,146252285;0;0;0
22768d668dff7e5d58e6fb7bb42e6afc;0;0;0;1,683324566;1,03926097
5357c599efd863aceabf8427e750e3ae;0;0;0;0;0,577367206
c92fed09b6d737814d26146b5cea8792;0;0;0;0;0,404157044
b73f92f27f649fec51a2f0a3959aea50;0;0;0;0;0,692840647
a98c0acddfef402262ae33ecd7ad77b7;0;0;0;0;0,173210162
a9f45d84c0f158b0d0744989bf9d16fb;0;0;0;0;0
19fa24cbc81d874135c4e5e84d8f5b81;0;0,109689214;0;0;0
aa747f2a941e566ebba04c1b11a23320;0;0;0;0;0
bb4d8b9f469fb8d6a8ba0847f1724096;0;0;0;0;0
c6b432f068379e0d95c529eb139b6d4b;0;0;0;0;0
3a0063db52a592370857b2753646686f;0;0;0;0;0
47aa3bbe9c16df47bcbc67cd8622abd4;0;0;0;1,104681746;0,635103926
c7f879d2b6caadaf6f2844a78f309652;0,074019245;0;0;0;0
2d2a3af2ab4b5882e4384fb414ef094f;0;0;0,139227289;0;0
8471fea2b400cc426aaf945a97b802a4;0;0;0;0,105207785;0
2aa3bbd014624c76b8bf4d952197709c;0;0,621572212;0;0;0
5ff64634eee3f3e06aa6d3544d5309a9;0;0,182815356;0;0;0
341f864f38f38c19afbcb8993af2b295;0;0;0;0;0,346420323
d3600a41dedc41367a8c49e3ccb7a404;0;0,073126143;0;0;0
c4836e92847fd759c6836c1340e4d1c8;0;0;0;0,105207785;0
18f23fd2681bba5220f54fa93a1e30f4;0;0;0,104420466;0;0
42f49be4c288c6d374422ba563f41212;0,074019245;0;0;0;0
ad43242f74eeac03f967170cee3dcd02;0;0;0;0;0
b37d3139f59bb4a8c87f411c9cdab7cd;0;0;0;0;0
3ee6d6e54bfe96f9376b815d266c931f;0;0;0;0;0
f6d56c8fe46742851f4ea8d643d14c03;0;0;0;0;0
392260ea8a93ab9ca24e4adddf34a037;0;0;0;0;0
548bb721267e2ea648705f2c6fe985be;0;0;0,243647755;0;0
57d787f9a7108e273959af52176fad27;0;0;0;0;0
409a537dc863fc048651f1105e5b775d;0;0,511882998;1,009397842;0;0
c803fd4b886c70b64705577993f44c51;0;0;0;0;0
89f5ce4faaaf5f1070fcb205ae0f8e28;0;0;0;0;0
384766fbb0c670f7cefd7fb5e29d7ee1;0;0;0;0;0
caee0ac4626a90e85efaa4e0ca5055f6;0;0;0;0;0
a8edefa595bc2e2be798a0718c0b6bfc;0;0;0;0;0
58bb1c0c67b3986ef4c1d66b58cff5c2;0,14803849;0;0;0;0
892ab23deeaed6412ad0de4d7ed7219f;4,404145078;0;0;0;0
932db4b22539a014075abd1fbf40fac9;3,960029608;0;0;0;0
6572d67149b924b65483aa076a3a790e;8,216136195;0;0;0;0
c75f11102382549f78332b291f6986f8;0;0;0;0;0
f3cc9feab32b928666d02804b8f6614f;0;0;0;0;0
e248d621d73f74587bbdcf9df30c9a21;0;0;0;0;0
cafd839ec6926d9640851f3181ec96c2;0;0;0;0;0
e43c31da01fa4e3c18f0bd31d568304b;0;0;0;0;0
bc9ed86d90af29a0cafeba4da615fe75;0;0;0;0;0
6214d11e2a93a735ee1d232bd79a2f76;0;0;0;0;0
9eed18307a98f719eba4047a54b6c5fd;0,222057735;0;0;0;0
f00331478f2c828492e022129e2c0d19;0;0;0,069613644;0;0
2c45bf403848bcc4a73b7c816ca9b74c;0;0;0;0;0
0dd46040671d4583680f3ceb69aa4277;0;0;0;0;0
a0de8440b5aa021d05a4fd62ff602b67;0;0;0;0;0,115473441
06b511336631ab8f95ad033dd99e280a;0;0;0;0;0
09774bca2a21766795e14bc5ac690cdd;0;0;0;0;0
60ff2534938bef2a05942f0f98563b46;0;0;0;0;0
d7fb97e5e37ec1b6def6c98a0889cbeb;0;0;0;0;0
f2caa80f2a4cdd3ef1927da5a122c2fa;0;0;0;0;0
3a31efc62f74b571a8025e6d553490fa;0;0;0;0;0
facb36c76318959124bd2428f41e677a;0;0;0;0;0,115473441
aec0364be5e3335c22b719bc183a71e9;0,185048113;0;0;0;0
c573958c621ee63a3b0c572cb4b9cc5f;0;0;0;0;0
aedc843f1eb2c73c77c427111044eb2b;0;0;0;0;0
7cfb5810949e7e9a22afe567ef8c4e00;0;0;0;0;0
ab75d246b0e7a3ed263682db35905537;0;0;0;0;0
4f081aac94276c48f4ca3a3511f00b0f;0;0;0;0;0
d22b94e1406f53887e3e6fa4017f1c6f;0;0;0;0;0
35e1f7b9d4e9fd6711b90467d66336e5;0;0;0;0;0
7dfd5dcf8184f859217b59bdbe2ee365;0;0;0;0;0
4b0935a8bfe93c633e2e7557f5b7cf04;0;0;0;0;0
18e074519791d53e13a8e48c9c3a2938;0;0;0,069613644;0;0
3b1a8a7d5a5d9a26bd350acde5c7616f;0;0;0;0;0
8950b2756de3b86c38b6f3e704eb4d1a;0;0;0,069613644;0;0
9f208a5b84f3459791d360f95496ff32;0;0;0;0,841662283;0
714d6f17b397403868b6b5592f152a8f;0;0,146252285;0;0,315623356;0,288683603
ae7d106d3d135e05cdfb7dea162badef;0;0;0,174034111;0;0
f03da16bd49d0cfcf5bb6d4ee37f6713;0;1,13345521;0,382875044;0;0
b1279fa055a84040008d2ad5a0122e23;0,185048113;0;0;0;0
7431e69cd3f339b27fadf748e154e59c;0;0;0;0;0,288683603
f0d85b141a7f07d562a4a6e0438bf5ff;0;0,219378428;0,243647755;0;0
2f9a1af6149d9e976076119e893ad830;0;0,511882998;5,395057431;0;0
2e320fe5030e73894a263bca23a18325;0;0;0,243647755;0;0
1a98709f46f8f12653c77607a6ba2bf9;4,071058475;0;0;0;0
5ee00ed6faf66a399c2274920547f304;0,370096225;0;0;0;0
0491c5f33bc43b556512e5325b065c41;0;0;0;0,210415571;0
cb62ac15e164c70bc190f20c3f5053fb;1,03626943;0;0;0;0
b9d03a8716278a6281a282b16e5c1ebe;0;0,219378428;0,800556909;0;0
7a2caed794b9dba314e333db710aa138;0;0;0;0;0,115473441
14edaccc88f3d1d08af46bf42b1c1c60;0;0,694698355;0,452488688;10,57338243;0,981524249
cb3dc30cd44e9025e8c457e670b91636;0;0,255941499;2,158022973;0;0
ac88ac28345927b16f609020a86ff7b4;0;0;0,069613644;0;0
419f1ddc2406e10b3df9a1baeab839f1;0;0,182815356;0;0;0
235b2c85bb93905f9b4c783b918e3ff0;0;0;0;0;0
15fc7a8c81fcb67676972aaaa37e0c6c;0,407105848;0;0;0;0
684ccce15d3dfa161a9dce8564d80654;0;0;0;0;0
1660952e784045c642ffbf06709219f1;0;0;0;0;0
98da01dcdec67dd05ccbce55645075cd;0,185048113;0;0;0;0
c572ea6b8262027e2cb49facf27538e9;0,44411547;0;0;0;0
1054e865677729616830412406c57181;0;0;0;0;0,346420323
6be7ede9be8a2d332662db83ed9728ab;0;0,182815356;0;0;0
a6436d90cc8130a9d15544ca50cc82b1;0;0;0;0,105207785;0
9bf889b0da768684b8d406ccc9c119e0;0;0,073126143;0;0;0
482cf1d83a107f02f9ab25f8669141db;0;0;0,069613644;0;0
8d90a5e90e9b45c8b97f4d5450c52818;0;0;0,069613644;0;0
b8e7c831f56824fc1fb123af4045fc73;0;0,073126143;0;0;0
d26f8ead331b22d2f46ea46f36b389c2;0;0,402193784;0,139227289;0;0
d8e62b7e92e742dfe65a1f4fceca666e;0;0,29250457;0;0;0
1deb3ef83618b6f5f5a028afe17f68f0;0;0;0;0;0
5989c667a3423e0df9b8afcf5fd3f980;0;0;0,104420466;0;0,173210162
15eb4a0a8b92214aaea84c6ebbf9d7cb;0;0,438756856;0,208840933;0;0
c99f38082a55b5edd2c49b1ae590f866;0;0,219378428;0;0;0
752bf07e8c6dd3ced4cd3b0426a6f8dc;0;0;0;0;0
fab1f3941af6e55936f694eb76fd296a;0;0,511882998;0;0;0
ba89ba4e8bbb5d8c03aeceb8e3c318cb;0;0,146252285;0;0;0
97458b084f5d98668dc432951c5ebf13;0;0;0;0;0
4e8a10a8ec5c17f6f5c224288174944e;0;1,389396709;7,553080404;0;0
0f72e3c8fff524523c2f7078dbfa940e;0;0;0;0;0
e093f734f74dd0148cd88d6394bd60d7;0;0;0;0,157811678;0
b438b3f63c854a4e81cd212dbc02fef9;0;0;0,069613644;0;0
66c23ee70d1f77227f8c09f423bf28a5;0;0,109689214;0;0;0
b16f50d05dfe861192fc1565baebca10;0;0;0,174034111;0;0
84d3644acc173ddeed7d84ea20d6b849;0;0;0;0;0
a15a9e5bcc92ed7cd740fa20616ad5dc;0;0,182815356;0;0;0
7c3a1bc8d28ad308ce2dd56f8255a3e0;0,185048113;0;0;0;0
b56d1a35cea446681a813a6b840c14c5;0,222057735;0;0;0;0
a2d4a217a29c68ca5d0d6e7317c8e4e0;0,222057735;0;0;0;0
fe64453fa766c113916b590f6d3f40b6;0,074019245;0;0;0;0
a5003ee85b93af432100240e9ad6f2d8;0,074019245;0;0;0;0
a1db99d90176725745b63bc07f3a6418;0;0;0;0;0,115473441
236f454a0b010c421fa556038fc9ac63;0;0;0;0;0,115473441
37f0881c4a8c647e870927457630cad5;0,333086603;0;0;0;0
1d25eb029a5a077dc9f2786fe98da225;0,481125093;0;0;0;0,173210162
d670da44dad8c34fe1bf836a107952f4;0;0,109689214;0;0;0
eee2890c8c49c130cb4001d4cc46e1c4;0;0,329067642;0;0;0
eca4f21bba8e3fa1fdb23feeece91f43;0;0,073126143;0;0;0
ad0d9fb13035c5c7ef109701ffbeb636;0;0;0,104420466;0;0
e870c911bbaa375566a0b7b37239badf;0;0;0,069613644;0;0
4ec03fe6d5df7a7f224ef6b37982ea12;0,074019245;0;0;0;0
b35c690a16026e6471846f88d2b2cd5b;0;0;0;0;0
16510e48f4da5112618cfefd2489c4d6;0;0;0;0;0
5fd457d7750df9fdcc3c6cd7ba8c3b9d;0;0;0;0;0
7de289bdb7de18d499466a99f5fd03db;0;0;0;0;0
fe068e5577075bc59bd8860d41f24fad;0,259067358;0;0;0;0
6d9eb4d048eb720ef10c57cf233be2bc;0;0;0,208840933;0;0
35dcc2ddc40a81f1f7cf4aa2a800a341;0;0;0,104420466;0;0
f1268bbdaa3fb24e135211624aaec56b;0;0;0;0,105207785;0,346420323
e319d32ec3ae85df5b344bd21c10b7fd;0;0;0,069613644;0;0
acf7b0760586ae7a1dc2b2ba7e766c4d;0;0;0;0;0,230946882
0f45153e48031c9e318736b3ab9871e2;0;0,29250457;0,104420466;0;0
7b88ca61abbe4eeee1a8bdf61a4bedd5;0,481125093;0;0;0;0
0ef522b2f33d9ecab4cff4edb50087d2;0;0;0;0;0
